identifier,title,date,year,creator,details_url
78_hosanna-in-the-highest_haydn-quartette_gbia0362657a,Hosanna In The Highest,1898-01-01T00:00:00Z,1898,Haydn Quartette,https://archive.org/details/78_hosanna-in-the-highest_haydn-quartette_gbia0362657a
78_ise-gwine-back-to-dixie_mr-s-h-dudley_gbia0362665a,I'se Gwine Back To Dixie,1898-06-10T00:00:00Z,1898,Mr. S. H. Dudley,https://archive.org/details/78_ise-gwine-back-to-dixie_mr-s-h-dudley_gbia0362665a
78_lincolns-speech-at-gettysburg_mr-w-f-hooley_gbia0362658a,Lincoln's Speech At Gettysburg,1898-10-21T00:00:00Z,1898,Mr. W. F. Hooley,https://archive.org/details/78_lincolns-speech-at-gettysburg_mr-w-f-hooley_gbia0362658a
78_the-girl-i-left-behind-me_mr-john-terrell_gbia0362662a,THE GIRL I LEFT BEHIND ME,1898-11-22T00:00:00Z,1898,Mr. John Terrell,https://archive.org/details/78_the-girl-i-left-behind-me_mr-john-terrell_gbia0362662a
78_ive-waited-honey_harry-macdonough_gbia0362647a,I've Waited Honey,1899-01-01T00:00:00Z,1899,Harry Macdonough,https://archive.org/details/78_ive-waited-honey_harry-macdonough_gbia0362647a
78_green-fields-of-virginia_mr-a-c-campbell_gbia0362664a,Green Fields Of Virginia,1899-03-22T00:00:00Z,1899,Mr. A. C. Campbell,https://archive.org/details/78_green-fields-of-virginia_mr-a-c-campbell_gbia0362664a
78_the-irish-swell-waltz_the-metropolitan-orchestra_gbia0362660a,The Irish Swell Waltz,1899-03-29T00:00:00Z,1899,The Metropolitan Orchestra,https://archive.org/details/78_the-irish-swell-waltz_the-metropolitan-orchestra_gbia0362660a
78_what-is-dat-coons-game_mr-len-spencer_gbia0362666a,What Is Dat Coons Game,1899-04-15T00:00:00Z,1899,Mr. Len Spencer,https://archive.org/details/78_what-is-dat-coons-game_mr-len-spencer_gbia0362666a
78_hello-ma-baby_mr-len-spencer_gbia0362667a,Hello Ma Baby,1899-04-15T00:00:00Z,1899,Mr. Len Spencer,https://archive.org/details/78_hello-ma-baby_mr-len-spencer_gbia0362667a
78_whistling-rufus_the-members-of-sousas-band_gbia0362644a,Whistling Rufus,1899-06-06T00:00:00Z,1899,The Members of Sousa's Band,https://archive.org/details/78_whistling-rufus_the-members-of-sousas-band_gbia0362644a
78_soldiers-in-the-park_sousas-band_gbia0362650a,Soldiers In The Park,1899-06-07T00:00:00Z,1899,Sousa's Band,https://archive.org/details/78_soldiers-in-the-park_sousas-band_gbia0362650a
78_mother-hubbard-march_sousas-band_gbia0362645a,Mother Hubbard March,1899-06-08T00:00:00Z,1899,Sousa's Band,https://archive.org/details/78_mother-hubbard-march_sousas-band_gbia0362645a
78_mother-goose-rhymes_len-spencer_gbia0362651a,Mother Goose Rhymes,1899-08-04T00:00:00Z,1899,Len Spencer,https://archive.org/details/78_mother-goose-rhymes_len-spencer_gbia0362651a
78_one-night-in-june_harry-macdonough_gbia0362652a,One Night In June,1899-10-07T00:00:00Z,1899,Harry Macdonough,https://archive.org/details/78_one-night-in-june_harry-macdonough_gbia0362652a
78_my-hannah-lady_arthur-collins_gbia0362646a,My Hannah Lady,1899-11-25T00:00:00Z,1899,Arthur Collins,https://archive.org/details/78_my-hannah-lady_arthur-collins_gbia0362646a
78_id-leave-my-happy-home-for-you_arthur-collins_gbia0362649a,I'd Leave My Happy Home For You,1899-11-25T00:00:00Z,1899,Arthur Collins,https://archive.org/details/78_id-leave-my-happy-home-for-you_arthur-collins_gbia0362649a
78_take-the-name-of-jesus-with-you_harrison-and-anthony_gbia0018315a,Take the Name of Jesus With You,1900-01-01T00:00:00Z,1900,Harrison and Anthony,https://archive.org/details/78_take-the-name-of-jesus-with-you_harrison-and-anthony_gbia0018315a
78_mosquito-parade_gbia0350412a,MOSQUITO PARADE,1900-01-01T00:00:00Z,1900,,https://archive.org/details/78_mosquito-parade_gbia0350412a
78_wie-ein-grssen-opus-18_ernestine-schumann-heink-adolf-mehrkens_gbia0262452a,Wie ein Grüssen (Opus 18),1900-01-01T00:00:00Z,1900,ERNESTINE SCHUMANN-HEINK,https://archive.org/details/78_wie-ein-grssen-opus-18_ernestine-schumann-heink-adolf-mehrkens_gbia0262452a
78_long-long-ago_mr-frank-s-mazziolli_gbia0300263a,Long Long Ago,1900-01-01T00:00:00Z,1900,Mr. Frank S. Mazziolli,https://archive.org/details/78_long-long-ago_mr-frank-s-mazziolli_gbia0300263a
78_la-stella-del-nord-act-i_rosalia-chalia-meyerbeer_gbia0262452b,La Stella del Nord (Act I),1900-01-01T00:00:00Z,1900,ROSALIA CHALIA,https://archive.org/details/78_la-stella-del-nord-act-i_rosalia-chalia-meyerbeer_gbia0262452b
78_youre-talking-rag-time_arthur-collins_gbia0362648a,You're Talking Rag-Time,1900-01-13T00:00:00Z,1900,Arthur Collins,https://archive.org/details/78_youre-talking-rag-time_arthur-collins_gbia0362648a
78_little-old-new-york-medley_the-metropolitan-orchestra_gbia0362656a,Little Old New York Medley,1900-01-16T00:00:00Z,1900,The Metropolitan Orchestra,https://archive.org/details/78_little-old-new-york-medley_the-metropolitan-orchestra_gbia0362656a
78_you-told-me-you-had-money-in-the-bank_arthur-collins_gbia0362654a,You Told Me You Had Money In The Bank,1900-01-27T00:00:00Z,1900,Arthur Collins,https://archive.org/details/78_you-told-me-you-had-money-in-the-bank_arthur-collins_gbia0362654a
78_the-blue-and-the-gray_arthur-collins_gbia0362659a,The Blue And The Gray,1900-03-10T00:00:00Z,1900,Arthur Collins,https://archive.org/details/78_the-blue-and-the-gray_arthur-collins_gbia0362659a
78_when-the-moon-shines-bright-on-charlie-chaplin_mr-herbert-payne_gbia3035912a,When the moon shines bright on Charlie Chaplin,1901-01-01T00:00:00Z,1901,Mr. Herbert Payne,https://archive.org/details/78_when-the-moon-shines-bright-on-charlie-chaplin_mr-herbert-payne_gbia3035912a
78_el-miserere-_gbia0014553a,El Miserere,1901-01-01T00:00:00Z,1901,,https://archive.org/details/78_el-miserere-_gbia0014553a
78_dixie_standard-band_gbia0014516a,Dixie,1901-01-01T00:00:00Z,1901,Standard Band,https://archive.org/details/78_dixie_standard-band_gbia0014516a
78_steamboat-leaving-wharf_haydn-quartet_gbia0437685a,Steamboat Leaving Wharf,1901-01-01T00:00:00Z,1901,Haydn Quartet,https://archive.org/details/78_steamboat-leaving-wharf_haydn-quartet_gbia0437685a
78_serenade-softly-through-the-night-is-calling_john-mccormack-fritz-kreisler-vinc_gbia0289871a,"Serenade - ""Softly Through the Night is Calling""",1901-01-01T00:00:00Z,1901,John McCormack,https://archive.org/details/78_serenade-softly-through-the-night-is-calling_john-mccormack-fritz-kreisler-vinc_gbia0289871a
78_heimweh_mr-frank-mazziotta_gbia0301859a,HEIMWEH,1901-01-01T00:00:00Z,1901,MR. FRANK MAZZIOTTA,https://archive.org/details/78_heimweh_mr-frank-mazziotta_gbia0301859a
78_my-dreams_john-mccormack-weatherly-tosti_gbia0464205b,My Dreams,1901-01-01T00:00:00Z,1901,John McCormack,https://archive.org/details/78_my-dreams_john-mccormack-weatherly-tosti_gbia0464205b
78_the-honey-suckle-and-the-bee_arthur-collins_gbia0301202a,THE HONEY SUCKLE AND THE BEE,1901-01-01T00:00:00Z,1901,ARTHUR COLLINS,https://archive.org/details/78_the-honey-suckle-and-the-bee_arthur-collins_gbia0301202a
78_quit-that-tickling-me_silas-leachman_gbia0426288a,Quit That Tickling Me,1901-01-01T00:00:00Z,1901,Silas Leachman,https://archive.org/details/78_quit-that-tickling-me_silas-leachman_gbia0426288a
78_in-the-village-tavern_standard-band_gbia0289434b,IN THE VILLAGE TAVERN,1901-01-01T00:00:00Z,1901,Standard Band,https://archive.org/details/78_in-the-village-tavern_standard-band_gbia0289434b
78_dear-liberace_ruth-wallis-the-frank-coviello-orchestra_gbia0388459a,DEAR LIBERACE,1901-01-01T00:00:00Z,1901,RUTH WALLIS,https://archive.org/details/78_dear-liberace_ruth-wallis-the-frank-coviello-orchestra_gbia0388459a
78_the-pharaohs-daughter-in-law_ruth-wallis-the-frank-coviello-orchestra_gbia0388459b,The Pharaoh's Daughter-in-Law,1901-01-01T00:00:00Z,1901,RUTH WALLIS,https://archive.org/details/78_the-pharaohs-daughter-in-law_ruth-wallis-the-frank-coviello-orchestra_gbia0388459b
78_while-the-leaves-came-drifting-down_gbia0302541a,While the Leaves Came Drifting Down,1901-01-01T00:00:00Z,1901,,https://archive.org/details/78_while-the-leaves-came-drifting-down_gbia0302541a
78_comin-thro-the-rye_gbia0043165a,Comin' Thro' the Rye,1901-01-01T00:00:00Z,1901,,https://archive.org/details/78_comin-thro-the-rye_gbia0043165a
78_the-girl-i-should-have-married-long-ago_harry-macdonough_gbia0381299a,The Girl I Should Have Married Long Ago,1901-01-01T00:00:00Z,1901,Harry Macdonough,https://archive.org/details/78_the-girl-i-should-have-married-long-ago_harry-macdonough_gbia0381299a
78_minne-ha-ha_j-w-myers_gbia0381446a,Minne-ha-ha,1901-01-01T00:00:00Z,1901,J. W. Myers,https://archive.org/details/78_minne-ha-ha_j-w-myers_gbia0381446a
78_umbrella-dance_gbia0014517b,Umbrella Dance,1901-01-01T00:00:00Z,1901,,https://archive.org/details/78_umbrella-dance_gbia0014517b
78_a-rag-time-skedaddle_gbia0302537a,A Rag Time Skedaddle,1901-01-01T00:00:00Z,1901,,https://archive.org/details/78_a-rag-time-skedaddle_gbia0302537a
78_in-einem-khlen-grunde_emil-muench_gbia0479024a,In einem Kühlen Grunde,1901-01-01T00:00:00Z,1901,Emil Muench,https://archive.org/details/78_in-einem-khlen-grunde_emil-muench_gbia0479024a
78_when-the-kiltre-lads-come-home_mr-herbert-payne-belloc-wright_gbia3035912b,When the kiltre lads come home,1901-01-01T00:00:00Z,1901,Mr. Herbert Payne,https://archive.org/details/78_when-the-kiltre-lads-come-home_mr-herbert-payne-belloc-wright_gbia3035912b
78_dixie-queen-march_gbia0018314a,Dixie Queen March,1901-01-01T00:00:00Z,1901,,https://archive.org/details/78_dixie-queen-march_gbia0018314a
78_while-the-band-is-playing-dixie_harry-macdonough_gbia0479039a,While the Band is Playing Dixie,1901-01-01T00:00:00Z,1901,Harry Macdonough,https://archive.org/details/78_while-the-band-is-playing-dixie_harry-macdonough_gbia0479039a
78_evening-chimes-in-the-mountains_standard-band_gbia0014516b,Evening Chimes in the Mountains,1901-01-01T00:00:00Z,1901,Standard Band,https://archive.org/details/78_evening-chimes-in-the-mountains_standard-band_gbia0014516b
78_king-edward-vii-march_gbia0014517a,King Edward VII March,1901-01-01T00:00:00Z,1901,,https://archive.org/details/78_king-edward-vii-march_gbia0014517a
78_uncle-josh-and-the-lightning-rod-agent_gbia0300266a,Uncle Josh and the Lightning Rod Agent,1901-01-01T00:00:00Z,1901,,https://archive.org/details/78_uncle-josh-and-the-lightning-rod-agent_gbia0300266a
78_backyard-conversation-between-two-jealous-irish-washerwomen_gbia0534025a,Backyard Conversation Between Two Jealous Irish Washerwomen,1901-01-01T00:00:00Z,1901,,https://archive.org/details/78_backyard-conversation-between-two-jealous-irish-washerwomen_gbia0534025a
78_annie-laurie_haydn-quartet_gbia0300280a,ANNIE LAURIE,1901-01-01T00:00:00Z,1901,HAYDN QUARTET,https://archive.org/details/78_annie-laurie_haydn-quartet_gbia0300280a
78_el-capitan-march_victor-herberts-band_gbia0300256a,EL CAPITAN MARCH,1901-01-01T00:00:00Z,1901,VICTOR HERBERT'S BAND,https://archive.org/details/78_el-capitan-march_victor-herberts-band_gbia0300256a
78_the-warblers_standard-band_gbia0289434a,THE WARBLERS,1901-01-01T00:00:00Z,1901,Standard Band,https://archive.org/details/78_the-warblers_standard-band_gbia0289434a
78_a-picture-no-artist-can-paint_j-w-myers_gbia0072979a,A Picture No Artist Can Paint,1901-01-01T00:00:00Z,1901,J. W. Myers,https://archive.org/details/78_a-picture-no-artist-can-paint_j-w-myers_gbia0072979a
78_bring-back-my-bonnie-to-me_haydn-quartet_gbia0426292a,Bring Back My Bonnie To Me,1901-01-01T00:00:00Z,1901,Haydn Quartet,https://archive.org/details/78_bring-back-my-bonnie-to-me_haydn-quartet_gbia0426292a
78_serenade-softly-through-the-night-is-calling_john-mccormack-fritz-kreisler-vincen_gbia0181409a,"Serenade-""Softly Through the Night is Calling""",1901-01-01T00:00:00Z,1901,John McCormack,https://archive.org/details/78_serenade-softly-through-the-night-is-calling_john-mccormack-fritz-kreisler-vincen_gbia0181409a
78_turkey-in-de-straw_billy-golden_gbia0253305a,Turkey In De Straw,1901-01-01T00:00:00Z,1901,Billy Golden,https://archive.org/details/78_turkey-in-de-straw_billy-golden_gbia0253305a
78_dream-of-the-ocean-waltz_gbia0018314b,Dream of the Ocean Waltz,1901-01-01T00:00:00Z,1901,,https://archive.org/details/78_dream-of-the-ocean-waltz_gbia0018314b
78_my-dreams_john-mccormack-weatherly-tosti_gbia0188874b,My Dreams,1901-01-01T00:00:00Z,1901,John McCormack,https://archive.org/details/78_my-dreams_john-mccormack-weatherly-tosti_gbia0188874b
78_the-holy-city_gbia0014555a,The Holy City,1901-10-01T00:00:00Z,1901,,https://archive.org/details/78_the-holy-city_gbia0014555a
78_the-jolly-coppersmith_gbia0014554a,The Jolly Coppersmith,1901-10-01T00:00:00Z,1901,,https://archive.org/details/78_the-jolly-coppersmith_gbia0014554a
78_the-arkansaw-traveler_len-spencer_gbia0479035a,The Arkansaw Traveler,1901-11-01T00:00:00Z,1901,Len Spencer,https://archive.org/details/78_the-arkansaw-traveler_len-spencer_gbia0479035a
78_in-the-good-old-summer-time_harry-macdonough_gbia0437693a,In the Good Old Summer Time,1902-01-01T00:00:00Z,1902,Harry Macdonough,https://archive.org/details/78_in-the-good-old-summer-time_harry-macdonough_gbia0437693a
78_hear-dem-bells_silas-leachman_gbia0479037a,Hear Dem Bells,1902-01-01T00:00:00Z,1902,Silas Leachman,https://archive.org/details/78_hear-dem-bells_silas-leachman_gbia0479037a
78_fare-thee-well-molly-darling_haydn-quartet_gbia0467500a,Fare Thee Well Molly Darling,1902-01-01T00:00:00Z,1902,Haydn Quartet,https://archive.org/details/78_fare-thee-well-molly-darling_haydn-quartet_gbia0467500a
78_o-lola-cai-di-latti-la-cammisa-siciliana-oh-lola-white-as-the-flowers-of-the_gbia0077656b,"O Lola, Ch'ai di Latti la Cammisa (Oh Lola, white as the flowers of the briar)",1902-01-01T00:00:00Z,1902,Enrico Caruso,https://archive.org/details/78_o-lola-cai-di-latti-la-cammisa-siciliana-oh-lola-white-as-the-flowers-of-the_gbia0077656b
78_vesti-la-giubba-on-with-the-motley_enrico-caruso-leoncavallo_gbia0077656a,Vesti la Giubba (On with the Motley),1902-01-01T00:00:00Z,1902,Enrico Caruso,https://archive.org/details/78_vesti-la-giubba-on-with-the-motley_enrico-caruso-leoncavallo_gbia0077656a
78_yachting_will-evans-lowe-evans_gbia3036773a,YACHTING,1902-01-01T00:00:00Z,1902,Will Evans,https://archive.org/details/78_yachting_will-evans-lowe-evans_gbia3036773a
78_nobody-knows-and-nobody-seems-to-care_mr-herbert-payne-berlin_gbia3044156b,Nobody knows and nobody seems to care,1902-01-01T00:00:00Z,1902,Mr. Herbert Payne,https://archive.org/details/78_nobody-knows-and-nobody-seems-to-care_mr-herbert-payne-berlin_gbia3044156b
78_on-a-sunday-afternoon_harry-macdonough_gbia0341183a,On A Sunday Afternoon,1902-01-01T00:00:00Z,1902,Harry Macdonough,https://archive.org/details/78_on-a-sunday-afternoon_harry-macdonough_gbia0341183a
78_moonlight-on-the-lake_haydn-quartet_gbia0319103a,Moonlight on the Lake,1902-01-01T00:00:00Z,1902,Haydn Quartet,https://archive.org/details/78_moonlight-on-the-lake_haydn-quartet_gbia0319103a
78_uncle-josh-weathersby-at-the-opera_cal-stewart_gbia0479038a,Uncle Josh Weathersby At The Opera,1902-01-01T00:00:00Z,1902,Cal Stewart,https://archive.org/details/78_uncle-josh-weathersby-at-the-opera_cal-stewart_gbia0479038a
78_the-night-alarm_metropolitan-orchestra_gbia0426291a,The Night Alarm,1902-01-01T00:00:00Z,1902,Metropolitan Orchestra,https://archive.org/details/78_the-night-alarm_metropolitan-orchestra_gbia0426291a
78_a-soldiers-dream_walter-b-rogers_gbia0319108a,A Soldier's Dream,1902-01-01T00:00:00Z,1902,Walter B. Rogers,https://archive.org/details/78_a-soldiers-dream_walter-b-rogers_gbia0319108a
78_william-tell-overture_climax-band_gbia0378971a,"William Tell, Overture",1902-01-01T00:00:00Z,1902,Climax Band,https://archive.org/details/78_william-tell-overture_climax-band_gbia0378971a
78_imperial-edward-coronation-march_gbia0454240a,Imperial Edward Coronation March,1902-01-01T00:00:00Z,1902,,https://archive.org/details/78_imperial-edward-coronation-march_gbia0454240a
78_swanee_mr-herbert-payne-gershwin_gbia3044156a,Swanee,1902-01-01T00:00:00Z,1902,Mr. Herbert Payne,https://archive.org/details/78_swanee_mr-herbert-payne-gershwin_gbia3044156a
78_e-lucevan-le-stelle-the-stars-were-shining_enrico-caruso-illica-boito-puccini_gbia0077658a,E Lucevan Le Stelle (The stars were shining),1902-01-01T00:00:00Z,1902,Enrico Caruso,https://archive.org/details/78_e-lucevan-le-stelle-the-stars-were-shining_enrico-caruso-illica-boito-puccini_gbia0077658a
78_moskowski-serenade_climax-band_gbia0307211a,Moskowski Serenade,1902-01-01T00:00:00Z,1902,CLIMAX BAND,https://archive.org/details/78_moskowski-serenade_climax-band_gbia0307211a
78_barber-of-seville-overture_climax-band-rossini_gbia0307212a,"Barber of Seville ""Overture""",1902-01-01T00:00:00Z,1902,CLIMAX BAND,https://archive.org/details/78_barber-of-seville-overture_climax-band-rossini_gbia0307212a
78_where-the-black-eyed-susans-grow_will-strong-r-a-whiting_gbia0538153a,Where the black-eyed Susans grow,1902-01-01T00:00:00Z,1902,Will Strong,https://archive.org/details/78_where-the-black-eyed-susans-grow_will-strong-r-a-whiting_gbia0538153a
78_vous-qui-faites-lendormie-caterina-while-you-play-at-sleeping-mephistopheles_gbia0077674b,"Vous Qui Faites L'endormie (Caterina, While You Play at Sleeping)",1902-01-01T00:00:00Z,1902,Pol Plancon,https://archive.org/details/78_vous-qui-faites-lendormie-caterina-while-you-play-at-sleeping-mephistopheles_gbia0077674b
78_the-blue-danube-waltz_metropolitan-orchestra_gbia0388473a,The Blue Danube Waltz,1902-01-01T00:00:00Z,1902,Metropolitan Orchestra,https://archive.org/details/78_the-blue-danube-waltz_metropolitan-orchestra_gbia0388473a
78_over-the-waves-waltz_orchestra_gbia0298950a,OVER THE WAVES WALTZ,1902-01-01T00:00:00Z,1902,Orchestra,https://archive.org/details/78_over-the-waves-waltz_orchestra_gbia0298950a
78_the-presidents-march_climax-band_gbia0395062a,The President's March,1902-01-01T00:00:00Z,1902,CLIMAX BAND,https://archive.org/details/78_the-presidents-march_climax-band_gbia0395062a
78_barney-ohea_gbia0319134a,BARNEY O'HEA,1902-01-01T00:00:00Z,1902,,https://archive.org/details/78_barney-ohea_gbia0319134a
78_vals-serenata-chaine-de-valses_george-copeland-joachim-nin_gbia0552408a,VALS SERENATA (Chaine de Valses),1902-01-01T00:00:00Z,1902,George Copeland,https://archive.org/details/78_vals-serenata-chaine-de-valses_george-copeland-joachim-nin_gbia0552408a
78_cielo-e-mar-heaven-and-ocean_enrico-caruso-boito-ponchielli_gbia0077658b,Cielo e Mar! (Heaven and Ocean!),1902-01-01T00:00:00Z,1902,Enrico Caruso,https://archive.org/details/78_cielo-e-mar-heaven-and-ocean_enrico-caruso-boito-ponchielli_gbia0077658b
78_nellie-was-a-lady_haydn-quartet_gbia0467056a,Nellie Was a Lady,1902-01-01T00:00:00Z,1902,Haydn Quartet,https://archive.org/details/78_nellie-was-a-lady_haydn-quartet_gbia0467056a
78_kathleen-mavourneen_gbia3013937a,Kathleen Mavourneen,1902-01-01T00:00:00Z,1902,,https://archive.org/details/78_kathleen-mavourneen_gbia3013937a
78_a-southern-maid-part-i_black-diamonds-band-fraser-simpson_gbia3044159a,A Southern Maid-Part I,1902-01-01T00:00:00Z,1902,Black Diamonds Band,https://archive.org/details/78_a-southern-maid-part-i_black-diamonds-band-fraser-simpson_gbia3044159a
78_the-warblers_sousas-band_gbia0437698a,The Warblers,1902-01-01T00:00:00Z,1902,Sousa's Band,https://archive.org/details/78_the-warblers_sousas-band_gbia0437698a
78_mattinata_enrico-caruso-leoncavallo_gbia0077689a,Mattinata,1902-01-01T00:00:00Z,1902,Enrico Caruso,https://archive.org/details/78_mattinata_enrico-caruso-leoncavallo_gbia0077689a
78_nearer-my-god-to-thee_gbia0307065a,Nearer My God to Thee,1902-01-01T00:00:00Z,1902,,https://archive.org/details/78_nearer-my-god-to-thee_gbia0307065a
78_non-tamo-piu_enrico-caruso-denza_gbia0077654a,Non T'Amo Piu,1902-01-01T00:00:00Z,1902,Enrico Caruso,https://archive.org/details/78_non-tamo-piu_enrico-caruso-denza_gbia0077654a
78_pussy-cat-rag-kitty-kitty-kitty-kitty_gbia0319134b,"PUSSY CAT RAG (Kitty, Kitty, Kitty, Kitty)",1902-01-01T00:00:00Z,1902,,https://archive.org/details/78_pussy-cat-rag-kitty-kitty-kitty-kitty_gbia0319134b
78_down-where-the-swannee-river-flows_will-strong-von-tilzer_gbia0538153b,Down where the Swannee river flows,1902-01-01T00:00:00Z,1902,Will Strong,https://archive.org/details/78_down-where-the-swannee-river-flows_will-strong-von-tilzer_gbia0538153b
78_no-non-chiuder-gli-occhi-vaghi-close-not-those-dreamy-eyes_enrico-caruso-illica_gbia0077649,"Studenti, Udite (Students, Hear Me!); No, Non Chiuder Gli Occhi Vaghi (Close not those dreamy eyes)",1902-01-01T00:00:00Z,1902,Enrico Caruso,https://archive.org/details/78_no-non-chiuder-gli-occhi-vaghi-close-not-those-dreamy-eyes_enrico-caruso-illica_gbia0077649
78_wedding-march_mendelsson_gbia0046373a,Wedding March,1902-01-01T00:00:00Z,1902,Mendelsson,https://archive.org/details/78_wedding-march_mendelsson_gbia0046373a
78_uncle-josh-weathersby-in-a-department-store_cal-stewart_gbia0426289a,Uncle Josh Weathersby In A Department Store,1902-01-01T00:00:00Z,1902,Cal Stewart,https://archive.org/details/78_uncle-josh-weathersby-in-a-department-store_cal-stewart_gbia0426289a
78_on-miami-shore_black-diamonds-band-jacobi_gbia3044158a,On Miami Shore,1902-01-01T00:00:00Z,1902,Black Diamonds Band,https://archive.org/details/78_on-miami-shore_black-diamonds-band-jacobi_gbia3044158a
78_the-treasures-of-the-sea-are-buried-deep_j-w-myers_gbia0549053a,The Treasures Of The Sea Are Buried Deep,1902-01-01T00:00:00Z,1902,J. W. Myers,https://archive.org/details/78_the-treasures-of-the-sea-are-buried-deep_j-w-myers_gbia0549053a
78_down-on-the-old-camp-ground_dinwiddie-colored-quartet_gbia0509863a,Down on the Old Camp Ground,1902-01-01T00:00:00Z,1902,Dinwiddie Colored Quartet,https://archive.org/details/78_down-on-the-old-camp-ground_dinwiddie-colored-quartet_gbia0509863a
78_amor-ti-vieta-di-non-amar-love-doth-forbid-you-not-to-love_enrico-caruso-colautti_gbia0077689b,Amor Ti Vieta di Non Amar (Love doth forbid you not to love),1902-01-01T00:00:00Z,1902,Enrico Caruso,https://archive.org/details/78_amor-ti-vieta-di-non-amar-love-doth-forbid-you-not-to-love_enrico-caruso-colautti_gbia0077689b
78_my-country-tis-of-thee_victor-chorus-and-metropolitan-orchestra_gbia0319120a,My Country 'Tis of Thee,1902-01-01T00:00:00Z,1902,Victor Chorus and Metropolitan Orchestra,https://archive.org/details/78_my-country-tis-of-thee_victor-chorus-and-metropolitan-orchestra_gbia0319120a
78_knight-in-armour_will-evans-lowe-evans_gbia3036773b,(K)night in Armour,1902-01-01T00:00:00Z,1902,Will Evans,https://archive.org/details/78_knight-in-armour_will-evans-lowe-evans_gbia3036773b
78_i-got-mine_collins-natus_gbia0425450a,I Got Mine,1902-01-01T00:00:00Z,1902,Collins & Natus,https://archive.org/details/78_i-got-mine_collins-natus_gbia0425450a
78_in-the-realm-of-the-waltz_sousas-band_gbia0368304a,In the Realm of the Waltz,1902-01-01T00:00:00Z,1902,Sousa's Band,https://archive.org/details/78_in-the-realm-of-the-waltz_sousas-band_gbia0368304a
78_con-clancys-christening_len-spencer_gbia0479034a,Con Clancy's Christening,1902-01-01T00:00:00Z,1902,Len Spencer,https://archive.org/details/78_con-clancys-christening_len-spencer_gbia0479034a
78_i-hates-to-get-up-early-in-the-morn_dan-w-quinn_gbia0388464a,I Hates to Get Up Early in the Morn,1902-01-01T00:00:00Z,1902,Dan. W. Quinn,https://archive.org/details/78_i-hates-to-get-up-early-in-the-morn_dan-w-quinn_gbia0388464a
78_eva_harry-macdonough_gbia0072779a,Eva,1902-01-01T00:00:00Z,1902,Harry Macdonough,https://archive.org/details/78_eva_harry-macdonough_gbia0072779a
78_soldiers-farewell_gbia0305114a,Soldier's Farewell,1902-01-01T00:00:00Z,1902,,https://archive.org/details/78_soldiers-farewell_gbia0305114a
78_unconquered_mr-j-pidoux-pidoux_gbia3044160a,Unconquered,1902-01-01T00:00:00Z,1902,Mr. J. Pidoux,https://archive.org/details/78_unconquered_mr-j-pidoux-pidoux_gbia3044160a
78_creole-belles_sousas-band_gbia0437697a,Creole Belles,1902-01-01T00:00:00Z,1902,Sousa's Band,https://archive.org/details/78_creole-belles_sousas-band_gbia0437697a
78_broken-blossoms_black-diamonds-band-tonbridge_gbia3044158b,Broken Blossoms,1902-01-01T00:00:00Z,1902,Black Diamonds Band,https://archive.org/details/78_broken-blossoms_black-diamonds-band-tonbridge_gbia3044158b
78_el-capitan-march_sousas-band_gbia0479040a,El Capitan March,1902-01-01T00:00:00Z,1902,Sousa's Band,https://archive.org/details/78_el-capitan-march_sousas-band_gbia0479040a
78_sono-un-demonio-buono-i-am-a-kindly-demon_g-mario-sammarco-zangarini-goliscian_gbia0077674a,Sono Un Demonio Buono (I Am a Kindly Demon),1902-01-01T00:00:00Z,1902,G. Mario Sammarco,https://archive.org/details/78_sono-un-demonio-buono-i-am-a-kindly-demon_g-mario-sammarco-zangarini-goliscian_gbia0077674a
78_giunto-sul-passo-estremo-nearing-the-extreme-limit_boito-enrico-caruso_gbia0077671,"Dai Campi, Dai Prati (From the Fields, From the Grove); Giunto Sul Passo Estremo (Nearing the extreme limit)",1902-01-01T00:00:00Z,1902,Enrico Caruso,https://archive.org/details/78_giunto-sul-passo-estremo-nearing-the-extreme-limit_boito-enrico-caruso_gbia0077671
78_whoa-bill_gbia0302552a,WHOA BILL,1902-01-01T00:00:00Z,1902,,https://archive.org/details/78_whoa-bill_gbia0302552a
78_tulip-time_messrs-parker-and-coltham-stamper_gbia3044157b,Tulip-time,1902-01-01T00:00:00Z,1902,Messrs. Parker and Coltham,https://archive.org/details/78_tulip-time_messrs-parker-and-coltham-stamper_gbia3044157b
78_hand-in-hand-again_messrs-parker-and-coltham-whiting_gbia3044157a,Hand in hand again,1902-01-01T00:00:00Z,1902,Messrs. Parker and Coltham,https://archive.org/details/78_hand-in-hand-again_messrs-parker-and-coltham-whiting_gbia3044157a
78_amor-ti-vieta-di-non-amar-love-doth-forbid-yyou-not-to-love_clautti-giordano-enri_gbia0077686b,Amor Ti Vieta Di Non Amar (Love Doth Forbid you not to love),1902-01-01T00:00:00Z,1902,Clautti,https://archive.org/details/78_amor-ti-vieta-di-non-amar-love-doth-forbid-yyou-not-to-love_clautti-giordano-enri_gbia0077686b
78_sacro-monte-cinq-danses-gitaras_george-copeland-j-turina_gbia0552408b,SACRO-MONTE (Cinq danses gitaras),1902-01-01T00:00:00Z,1902,George Copeland,https://archive.org/details/78_sacro-monte-cinq-danses-gitaras_george-copeland-j-turina_gbia0552408b
78_peaceland-selection-ii_black-diamonds-band-stoddon_gbia0539318b,Peaceland-Selection II,1902-01-01T00:00:00Z,1902,Black Diamonds Band,https://archive.org/details/78_peaceland-selection-ii_black-diamonds-band-stoddon_gbia0539318b
78_down-where-the-cotton-blossoms-grow_harry-macdonough_gbia0040412a,Down Where the Cotton Blossoms Grow,1902-10-28T00:00:00Z,1902,Harry Macdonough,https://archive.org/details/78_down-where-the-cotton-blossoms-grow_harry-macdonough_gbia0040412a
78_the-willow-song_gbia0033674a,The Willow Song,1902-11-25T00:00:00Z,1902,,https://archive.org/details/78_the-willow-song_gbia0033674a
78_casey-as-an-insurance-agent_russell-hunting_gbia0371725a,Casey as an Insurance Agent,1903-01-01T00:00:00Z,1903,Russell Hunting,https://archive.org/details/78_casey-as-an-insurance-agent_russell-hunting_gbia0371725a
78_o-gesang-von-paris_leo-slezak-charpentier-chor-der-kk-hofoper-wien_gbia0077687a,O Gesang von Paris,1903-01-01T00:00:00Z,1903,Leo Slezak,https://archive.org/details/78_o-gesang-von-paris_leo-slezak-charpentier-chor-der-kk-hofoper-wien_gbia0077687a
78_old-black-joe_haydn-quartet_gbia0072980a,Old Black Joe,1903-01-01T00:00:00Z,1903,Haydn Quartet,https://archive.org/details/78_old-black-joe_haydn-quartet_gbia0072980a
78_la-samaritaine_sarah-bernhardt-rostand_gbia0077790b,La Samaritaine,1903-01-01T00:00:00Z,1903,Sarah Bernhardt,https://archive.org/details/78_la-samaritaine_sarah-bernhardt-rostand_gbia0077790b
78_angels-ever-bright-and-fair_emma-albani-hndel-william-h-seltsam_gbia0187608a,Angels Ever Bright and Fair,1903-01-01T00:00:00Z,1903,EMMA ALBANI,https://archive.org/details/78_angels-ever-bright-and-fair_emma-albani-hndel-william-h-seltsam_gbia0187608a
78_jack-tar-march_victor-herbers-band_gbia0079550a,Jack Tar March,1903-01-01T00:00:00Z,1903,Victor Herber's Band,https://archive.org/details/78_jack-tar-march_victor-herbers-band_gbia0079550a
78_otello-morte-dotello-death-of-otello-act-4_francesco-tamagno-verdi_gbia0153070a,Otello-Morte d'Otello (Death of Otello) (Act 4),1903-01-01T00:00:00Z,1903,Francesco Tamagno,https://archive.org/details/78_otello-morte-dotello-death-of-otello-act-4_francesco-tamagno-verdi_gbia0153070a
78_phedre_sarah-bernhardt-racine_gbia0077790a,Phedre,1903-01-01T00:00:00Z,1903,Sarah Bernhardt,https://archive.org/details/78_phedre_sarah-bernhardt-racine_gbia0077790a
78_a-meeting-of-the-school-directors_cal-stewart_gbia0376147a,A Meeting of the School Directors,1903-01-01T00:00:00Z,1903,Cal Stewart,https://archive.org/details/78_a-meeting-of-the-school-directors_cal-stewart_gbia0376147a
78_daisy-donohue_arthur-pryor-and-band_gbia0388477a,Daisy Donohue,1903-01-01T00:00:00Z,1903,Arthur Pryor and Band,https://archive.org/details/78_daisy-donohue_arthur-pryor-and-band_gbia0388477a
78_lohengrin-selection_sousas-band_gbia0253306a,Lohengrin Selection,1903-01-01T00:00:00Z,1903,Sousa's Band,https://archive.org/details/78_lohengrin-selection_sousas-band_gbia0253306a
78_guglielmo-tell-o-muto-asil-william-tell-oh-blessed-abode_francesco-tamagno-r_gbia0077621a,"Guglielmo Tell - O muto asil (William Tell - Oh, Blessed Abode)",1903-01-01T00:00:00Z,1903,Francesco Tamagno,https://archive.org/details/78_guglielmo-tell-o-muto-asil-william-tell-oh-blessed-abode_francesco-tamagno-r_gbia0077621a
78_la-boheme-mi-chiamano-mimi-act-1_cesira-ferrani-puccini_gbia0267927a,La Boheme - Mi chiamano Mimi (Act 1),1903-01-01T00:00:00Z,1903,CESIRA FERRANI,https://archive.org/details/78_la-boheme-mi-chiamano-mimi-act-1_cesira-ferrani-puccini_gbia0267927a
78_die-sonne-strahlt_leo-slezak-fr-weidemann-elise-elizza-grete-forst-hermine-kittel_gbia0077687b,Die Sonne Strahlt,1903-01-01T00:00:00Z,1903,Leo Slezak,https://archive.org/details/78_die-sonne-strahlt_leo-slezak-fr-weidemann-elise-elizza-grete-forst-hermine-kittel_gbia0077687b
78_sopra-berta-lamor-mio_francesco-tamagno-meyerbeer_gbia0077708b,Sopra Berta L'Amor Mio,1903-01-01T00:00:00Z,1903,Francesco Tamagno,https://archive.org/details/78_sopra-berta-lamor-mio_francesco-tamagno-meyerbeer_gbia0077708b
78_ora-e-per-sempre-addio-atto-2o_francesco-tamagno-verdi_gbia0196184b,"""ORA E PER SEMPRE ADDIO..."" - Atto 2.o",1903-01-01T00:00:00Z,1903,FRANCESCO TAMAGNO,https://archive.org/details/78_ora-e-per-sempre-addio-atto-2o_francesco-tamagno-verdi_gbia0196184b
78_imperial-edward-march_sousas-band_gbia0057815a,Imperial Edward March,1903-01-01T00:00:00Z,1903,Sousa's Band,https://archive.org/details/78_imperial-edward-march_sousas-band_gbia0057815a
78_deserto-sulla-terra_francesco-tamagno-verdi-tamagno_gbia0077707b,Deserto sulla terra,1903-01-01T00:00:00Z,1903,Francesco Tamagno,https://archive.org/details/78_deserto-sulla-terra_francesco-tamagno-verdi-tamagno_gbia0077707b
78_dixieland-march__gbia0005042a,Dixieland March,1903-01-01T00:00:00Z,1903,,https://archive.org/details/78_dixieland-march__gbia0005042a
78_what-would-the-neighbors-say_collins-harlan_gbia0381275a,What Would the Neighbors Say?,1903-01-01T00:00:00Z,1903,Collins & Harlan,https://archive.org/details/78_what-would-the-neighbors-say_collins-harlan_gbia0381275a
78_down-the-line-with-molly_mr-arthur-collins_gbia0301204a,DOWN THE LINE WITH MOLLY,1903-01-01T00:00:00Z,1903,MR. ARTHUR COLLINS,https://archive.org/details/78_down-the-line-with-molly_mr-arthur-collins_gbia0301204a
78_bells-of-st-malo_gbia0171871a,BELLS OF ST. MALO,1903-01-01T00:00:00Z,1903,,https://archive.org/details/78_bells-of-st-malo_gbia0171871a
78_two-rubes-in-an-eating-house_stanley-and-harlan-f-c-stanley_gbia0299906a,TWO RUBES IN AN EATING HOUSE,1903-01-01T00:00:00Z,1903,STANLEY and HARLAN,https://archive.org/details/78_two-rubes-in-an-eating-house_stanley-and-harlan-f-c-stanley_gbia0299906a
78_the-palms_harry-macdonough_gbia0072976a,The Palms,1903-01-01T00:00:00Z,1903,Harry Macdonough,https://archive.org/details/78_the-palms_harry-macdonough_gbia0072976a
78_spirit-of-76_nat-g-drum-and-fife-corps_gbia0301223a,Spirit of '76.,1903-01-01T00:00:00Z,1903,Nat. G. Drum and Fife Corps.,https://archive.org/details/78_spirit-of-76_nat-g-drum-and-fife-corps_gbia0301223a
78_lili_zelie-de-lussan-guetary_gbia0077653a,Lili,1903-01-01T00:00:00Z,1903,Zelie de Lussan,https://archive.org/details/78_lili_zelie-de-lussan-guetary_gbia0077653a
78_esultate-lorgoglio-musulmano-sepolto_francesco-tamagno-verdi_gbia0077715a,Esultate! L'Orgoglio Musulmano Sepolto E In Mar,1903-01-01T00:00:00Z,1903,Francesco Tamagno,https://archive.org/details/78_esultate-lorgoglio-musulmano-sepolto_francesco-tamagno-verdi_gbia0077715a
78_navajo_gbia0014552a,Navajo,1903-01-01T00:00:00Z,1903,,https://archive.org/details/78_navajo_gbia0014552a
78_little-dolly-day-dream_mr-eugene-stratton_gbia0038984a,Little Dolly Day-Dream,1903-01-01T00:00:00Z,1903,Mr. Eugene Stratton,https://archive.org/details/78_little-dolly-day-dream_mr-eugene-stratton_gbia0038984a
78_deserto-sulla-terra-atto-1-il-trovatore_francesco-tamagno-verdi_gbia0196184a,DESERTO SULLA TERRA... - Atto 1. IL TROVATORE,1903-01-01T00:00:00Z,1903,FRANCESCO TAMAGNO,https://archive.org/details/78_deserto-sulla-terra-atto-1-il-trovatore_francesco-tamagno-verdi_gbia0196184a
78_im-a-jonah-man_arthur-collins_gbia0209821a,I'm a Jonah Man,1903-01-01T00:00:00Z,1903,Arthur Collins,https://archive.org/details/78_im-a-jonah-man_arthur-collins_gbia0209821a
78_sleighride-party_invincible-male-quartette_gbia0301244a,Sleighride Party,1903-01-01T00:00:00Z,1903,Invincible Male Quartette,https://archive.org/details/78_sleighride-party_invincible-male-quartette_gbia0301244a
78_bedelia_arthur-collins_gbia0393679a,Bedelia,1903-01-01T00:00:00Z,1903,Arthur Collins,https://archive.org/details/78_bedelia_arthur-collins_gbia0393679a
78_ora-e-per-sempre-addio-sante-memorie_francesco-tamagno-verdi_gbia0077707a,"Ora E Per Sempre Addio, Sante Memorie",1903-01-01T00:00:00Z,1903,Francesco Tamagno,https://archive.org/details/78_ora-e-per-sempre-addio-sante-memorie_francesco-tamagno-verdi_gbia0077707a
78_jim-lawsons-hoss-trade-with-deacon-witherspoon_cal-stewart_gbia0437694a,Jim Lawson's Hoss Trade with Deacon Witherspoon,1903-01-01T00:00:00Z,1903,Cal Stewart,https://archive.org/details/78_jim-lawsons-hoss-trade-with-deacon-witherspoon_cal-stewart_gbia0437694a
78_otelloora-e-per-sempre-addio-and-now-forever-farewell_francesco-tamagno-verdi_gbia0478581a,"Otello–Ora e per sempre addio (And Now, Forever Farewell!)",1903-01-01T00:00:00Z,1903,Francesco Tamagno,https://archive.org/details/78_otelloora-e-per-sempre-addio-and-now-forever-farewell_francesco-tamagno-verdi_gbia0478581a
78_stump-speech-on-love_george-graham_gbia0202554a,Stump Speech on Love,1903-01-01T00:00:00Z,1903,George Graham,https://archive.org/details/78_stump-speech-on-love_george-graham_gbia0202554a
78_bedelia_arthur-collins_gbia0388475a,Bedelia,1903-01-01T00:00:00Z,1903,Arthur Collins,https://archive.org/details/78_bedelia_arthur-collins_gbia0388475a
78_figli-miel-varrestate_francesco-tamagno-saint-saens_gbia0077713a,"Figli Miel, V'Arrestate",1903-01-01T00:00:00Z,1903,Francesco Tamagno,https://archive.org/details/78_figli-miel-varrestate_francesco-tamagno-saint-saens_gbia0077713a
78_my-bonnie-rose_harmony-quartette_gbia0307207b,MY BONNIE ROSE,1903-01-01T00:00:00Z,1903,Harmony Quartette,https://archive.org/details/78_my-bonnie-rose_harmony-quartette_gbia0307207b
78_re-del-cielo-inno_francesco-tamagno-meyerbeer_gbia0077708a,Re Del Cielo (Inno),1903-01-01T00:00:00Z,1903,Francesco Tamagno,https://archive.org/details/78_re-del-cielo-inno_francesco-tamagno-meyerbeer_gbia0077708a
78_star-spangled-banner_zon-o-phone-concert-band_gbia0307101a,Star Spangled Banner,1903-01-01T00:00:00Z,1903,Zon-o-phone Concert Band,https://archive.org/details/78_star-spangled-banner_zon-o-phone-concert-band_gbia0307101a
78_la-paloma_zelie-de-lussan-yradier_gbia0077653b,La Paloma,1903-01-01T00:00:00Z,1903,Zelie de Lussan,https://archive.org/details/78_la-paloma_zelie-de-lussan-yradier_gbia0077653b
78_mississippi-bubble_hagers-orchestra_gbia0301240a,Mississippi Bubble,1903-01-01T00:00:00Z,1903,Hager's Orchestra,https://archive.org/details/78_mississippi-bubble_hagers-orchestra_gbia0301240a
78_woman_george-graham_gbia0378322a,Woman,1903-01-01T00:00:00Z,1903,George Graham,https://archive.org/details/78_woman_george-graham_gbia0378322a
78_when-the-cows-are-coming-home_fred-rose_gbia0079577a,When the Cows are Coming Home,1903-01-01T00:00:00Z,1903,Fred Rose,https://archive.org/details/78_when-the-cows-are-coming-home_fred-rose_gbia0079577a
78_uncle-josh-invites-city-folks-to-visit-him-on-his-farm_cal-stewart-stewart_gbia0299906b,UNCLE JOSH INVITES CITY FOLKS TO VISIT HIM ON HIS FARM,1903-01-01T00:00:00Z,1903,CAL STEWART,https://archive.org/details/78_uncle-josh-invites-city-folks-to-visit-him-on-his-farm_cal-stewart-stewart_gbia0299906b
78_a-lucky-duck_parke-hunter_gbia0467514a,A Lucky Duck,1903-01-01T00:00:00Z,1903,Parke Hunter,https://archive.org/details/78_a-lucky-duck_parke-hunter_gbia0467514a
78_none-legible_hagers-orchestra_gbia0362642a,None legible,1903-01-01T00:00:00Z,1903,Hager's Orchestra.,https://archive.org/details/78_none-legible_hagers-orchestra_gbia0362642a
78_in-the-village-by-the-sea_byron-g-harlan_gbia0467516a,In the Village by the Sea,1903-01-01T00:00:00Z,1903,Byron G. Harlan,https://archive.org/details/78_in-the-village-by-the-sea_byron-g-harlan_gbia0467516a
78_farmyard-medley_invincible-male-quartette_gbia0366482a,Farmyard Medley.,1903-01-01T00:00:00Z,1903,Invincible Male Quartette.,https://archive.org/details/78_farmyard-medley_invincible-male-quartette_gbia0366482a
78_niun-mi-tema-morte-dotello_francesco-tamagno-verdi_gbia0077715b,Niun Mi Tema (Morte D'Otello),1903-01-01T00:00:00Z,1903,Francesco Tamagno,https://archive.org/details/78_niun-mi-tema-morte-dotello_francesco-tamagno-verdi_gbia0077715b
78_il-profeta-sopra-berta-lamor-mio_francesco-tamagno-meyerbeer_gbia0077622a,Il Profeta - Sopra Berta L'Amor Mio,1903-01-01T00:00:00Z,1903,Francesco Tamagno,https://archive.org/details/78_il-profeta-sopra-berta-lamor-mio_francesco-tamagno-meyerbeer_gbia0077622a
78_two-rubes-in-an-eating-house_stanley-and-harlan_gbia0474448a,TWO RUBES IN AN EATING HOUSE,1903-01-01T00:00:00Z,1903,STANLEY and HARLAN,https://archive.org/details/78_two-rubes-in-an-eating-house_stanley-and-harlan_gbia0474448a
78_vronique-strophes-de-la-lettre_charles-gilbert-messager_gbia0187301a,Véronique-Strophes de La Lettre,1903-01-01T00:00:00Z,1903,Charles Gilbert,https://archive.org/details/78_vronique-strophes-de-la-lettre_charles-gilbert-messager_gbia0187301a
78_camp-meeting-jubilee_the-invincible-male-quartet_gbia0393678a,Camp Meeting Jubilee,1903-01-01T00:00:00Z,1903,The Invincible Male Quartet,https://archive.org/details/78_camp-meeting-jubilee_the-invincible-male-quartet_gbia0393678a
78_by-the-sycomore-tree-medley_gbia0014509a,BY THE SYCAMORE TREE MEDLEY,1903-01-01T00:00:00Z,1903,,https://archive.org/details/78_by-the-sycomore-tree-medley_gbia0014509a
78_guillaume-tell-sois-immobile_jean-note-rossini_gbia0187301b,Guillaume Tell-Sois immobile,1903-01-01T00:00:00Z,1903,JEAN NOTE,https://archive.org/details/78_guillaume-tell-sois-immobile_jean-note-rossini_gbia0187301b
78_three-little-owls-and-the-naughty-little-mice_cal-stewart_gbia0479032a,Three Little Owls And The Naughty Little Mice,1903-01-01T00:00:00Z,1903,Cal Stewart,https://archive.org/details/78_three-little-owls-and-the-naughty-little-mice_cal-stewart_gbia0479032a
78_boston-commandry_zon-o-phone-orchestra_gbia0307036a,Boston Commandry,1903-01-01T00:00:00Z,1903,Zon-o-phone Orchestra,https://archive.org/details/78_boston-commandry_zon-o-phone-orchestra_gbia0307036a
78_what-would-the-neighbors-say_collins-harlan_gbia0319105a,What Would the Neighbors Say?,1903-01-01T00:00:00Z,1903,Collins & Harlan,https://archive.org/details/78_what-would-the-neighbors-say_collins-harlan_gbia0319105a
78_goo-goo-eyes-parody_frank-wilson_gbia0437690a,Goo Goo Eyes Parody,1903-01-01T00:00:00Z,1903,Frank Wilson,https://archive.org/details/78_goo-goo-eyes-parody_frank-wilson_gbia0437690a
78_quand-nos-jours-seteindront-comme-une-chaste-flamme_francesco-tamagno-massenet_gbia0077713b,Quand Nos Jours S'Eteindront Comme Une Chaste Flamme,1903-01-01T00:00:00Z,1903,Francesco Tamagno,https://archive.org/details/78_quand-nos-jours-seteindront-comme-une-chaste-flamme_francesco-tamagno-massenet_gbia0077713b
78_sing-me-a-song-of-a-lad-is-gone_louise-homer-homer_gbia0055663a,Sing Me a Song of a Lad That Is Gone,1903-01-01T00:00:00Z,1903,Louise Homer,https://archive.org/details/78_sing-me-a-song-of-a-lad-is-gone_louise-homer-homer_gbia0055663a
78_in-the-sweet-bye-and-bye_haydn-quartet_gbia0044652a,In the Sweet Bye and Bye,1903-05-06T00:00:00Z,1903,Haydn Quartet,https://archive.org/details/78_in-the-sweet-bye-and-bye_haydn-quartet_gbia0044652a
78_uncle-josh-and-aunt-nancy-visit-new-york_cal-stewart_gbia0381445a,Uncle Josh and Aunt Nancy Visit New York,1903-05-22T00:00:00Z,1903,Cal Stewart,https://archive.org/details/78_uncle-josh-and-aunt-nancy-visit-new-york_cal-stewart_gbia0381445a
78_star-of-bethelhem_gbia0014508a,Star of Bethelhem,1904-01-01T00:00:00Z,1904,,https://archive.org/details/78_star-of-bethelhem_gbia0014508a
78_waltz-medley_charles-p-lowe_gbia0334678a,Waltz Medley,1904-01-01T00:00:00Z,1904,Charles P. Lowe,https://archive.org/details/78_waltz-medley_charles-p-lowe_gbia0334678a
78_oh-damore-messaggera_maria-galvany-gounod-zaffira_gbia0077676b,Oh d'Amore Messaggera,1904-01-01T00:00:00Z,1904,Maria Galvany,https://archive.org/details/78_oh-damore-messaggera_maria-galvany-gounod-zaffira_gbia0077676b
78_i-need-thee-every-hour_h-burr_gbia0424780a,I NEED THEE EVERY HOUR,1904-01-01T00:00:00Z,1904,H. BURR,https://archive.org/details/78_i-need-thee-every-hour_h-burr_gbia0424780a
78_blue-danube-waltz_gbia0297660a,BLUE DANUBE WALTZ,1904-01-01T00:00:00Z,1904,,https://archive.org/details/78_blue-danube-waltz_gbia0297660a
78_im-wearing-my-heart-away-for-you_james-reed_gbia0479440a,I'm Wearing My Heart Away for You,1904-01-01T00:00:00Z,1904,James Reed,https://archive.org/details/78_im-wearing-my-heart-away-for-you_james-reed_gbia0479440a
78_skaters-waltz_hagers-orchestra_gbia0393675a,Skaters' Waltz,1904-01-01T00:00:00Z,1904,Hager's Orchestra,https://archive.org/details/78_skaters-waltz_hagers-orchestra_gbia0393675a
78_officer-of-the-day-march_arthur-pryors-band_gbia0388479a,Officer of the Day March,1904-01-01T00:00:00Z,1904,Arthur Pryor's Band,https://archive.org/details/78_officer-of-the-day-march_arthur-pryors-band_gbia0388479a
78_any-rags-schottische_arthur-pryors-band_gbia0341196a,Any Rags Schottische,1904-01-01T00:00:00Z,1904,Arthur Pryor's Band,https://archive.org/details/78_any-rags-schottische_arthur-pryors-band_gbia0341196a
78_unter-den-linden_arthur-pryors-band_gbia0468625a,Unter den Linden,1904-01-01T00:00:00Z,1904,Arthur Pryor's Band,https://archive.org/details/78_unter-den-linden_arthur-pryors-band_gbia0468625a
78_the-bridge_haydn-quartet_gbia0388465a,The Bridge,1904-01-01T00:00:00Z,1904,Haydn Quartet,https://archive.org/details/78_the-bridge_haydn-quartet_gbia0388465a
78_my-old-kentucky-home_gbia0018320b,My Old Kentucky Home,1904-01-01T00:00:00Z,1904,,https://archive.org/details/78_my-old-kentucky-home_gbia0018320b
78_overture-to-william-tell-finale_gbia0313668a,OVERTURE TO WILLIAM TELL (Finale),1904-01-01T00:00:00Z,1904,,https://archive.org/details/78_overture-to-william-tell-finale_gbia0313668a
78_turkey-in-the-straw_silas-leachman_gbia0479036a,Turkey in the Straw,1904-01-01T00:00:00Z,1904,Silas Leachman,https://archive.org/details/78_turkey-in-the-straw_silas-leachman_gbia0479036a
78_mr-black-man_arthur-pryors-band_gbia0319106a,Mr. Black Man,1904-01-01T00:00:00Z,1904,Arthur Pryor's Band,https://archive.org/details/78_mr-black-man_arthur-pryors-band_gbia0319106a
78_mattinata_enrico-caruso-leoncavallo_gbia0077801a,Mattinata,1904-01-01T00:00:00Z,1904,Enrico Caruso,https://archive.org/details/78_mattinata_enrico-caruso-leoncavallo_gbia0077801a
78_down-at-the-baby-store_byron-g-harlan_gbia0532744a,Down at the Baby Store,1904-01-01T00:00:00Z,1904,Byron G. Harlan,https://archive.org/details/78_down-at-the-baby-store_byron-g-harlan_gbia0532744a
78_grand-march-from-lafricaine_garde-republicaine-band-meyerbeer_gbia0298895a,"GRAND MARCH FROM ""L'AFRICAINE""",1904-01-01T00:00:00Z,1904,GARDE REPUBLICAINE BAND,https://archive.org/details/78_grand-march-from-lafricaine_garde-republicaine-band-meyerbeer_gbia0298895a
78_american-eagle-march_standard-band_gbia0297948a,AMERICAN EAGLE MARCH,1904-01-01T00:00:00Z,1904,Standard Band,https://archive.org/details/78_american-eagle-march_standard-band_gbia0297948a
78_all-or-none_hagers-orchestra_gbia0276965a,All or None,1904-01-01T00:00:00Z,1904,Hager's Orchestra,https://archive.org/details/78_all-or-none_hagers-orchestra_gbia0276965a
78_la-vergine-degli-angeli_celestina-boninsegna-forza-del-destino-verdi_gbia0285516a,LA VERGINE DEGLI ANGELI,1904-01-01T00:00:00Z,1904,CELESTINA BONINSEGNA,https://archive.org/details/78_la-vergine-degli-angeli_celestina-boninsegna-forza-del-destino-verdi_gbia0285516a
78_good-bye-my-lady-love_harry-macdonough_gbia0437686a,Good Bye My Lady Love,1904-01-01T00:00:00Z,1904,Harry Macdonough,https://archive.org/details/78_good-bye-my-lady-love_harry-macdonough_gbia0437686a
78_mr-wilson_h-tally_gbia0307026a,MR. WILSON,1904-01-01T00:00:00Z,1904,H. TALLY,https://archive.org/details/78_mr-wilson_h-tally_gbia0307026a
78_darkie-tickle_spencer_gbia0425169a,DARKIE TICKLE,1904-01-01T00:00:00Z,1904,SPENCER,https://archive.org/details/78_darkie-tickle_spencer_gbia0425169a
78_conciliator-march_arthur-pryors-band_gbia0314026a,Conciliator March,1904-01-01T00:00:00Z,1904,Arthur Pryor's Band,https://archive.org/details/78_conciliator-march_arthur-pryors-band_gbia0314026a
78_hunting-scenes_gbia0447273a,HUNTING SCENES,1904-01-01T00:00:00Z,1904,,https://archive.org/details/78_hunting-scenes_gbia0447273a
78_ave-maria_johanna-gadski-bach-gounod_gbia0366694a,Ave Maria,1904-01-01T00:00:00Z,1904,Johanna Gadski,https://archive.org/details/78_ave-maria_johanna-gadski-bach-gounod_gbia0366694a
78_im-just-barely-living-dats-all_gbia0307039a,I'm Just Barely Living Dat's All,1904-01-01T00:00:00Z,1904,,https://archive.org/details/78_im-just-barely-living-dats-all_gbia0307039a
78_in-quelle-trine-morbide-in-these-soft-silken-curtains_celestina-boninsegna-puccin_gbia0077676a,In Quelle Trine Morbide (In these soft silken curtains),1904-01-01T00:00:00Z,1904,Celestina Boninsegna,https://archive.org/details/78_in-quelle-trine-morbide-in-these-soft-silken-curtains_celestina-boninsegna-puccin_gbia0077676a
78_jerusalem_j-f-harrison_gbia0451714a,Jerusalem,1904-01-01T00:00:00Z,1904,J. F. Harrison,https://archive.org/details/78_jerusalem_j-f-harrison_gbia0451714a
78_big-indian-chief_collins_gbia0424779a,BIG INDIAN CHIEF,1904-01-01T00:00:00Z,1904,COLLINS,https://archive.org/details/78_big-indian-chief_collins_gbia0424779a
78_the-jolly-coppersmith_gbia0447272a,THE JOLLY COPPERSMITH,1904-01-01T00:00:00Z,1904,,https://archive.org/details/78_the-jolly-coppersmith_gbia0447272a
78_the-mocking-bird_miss-morgan--mr.-stanley_gbia0004217a,The Mocking Bird,1904-01-01T00:00:00Z,1904,Miss Morgan & Mr. Stanley,https://archive.org/details/78_the-mocking-bird_miss-morgan--mr.-stanley_gbia0004217a
78_slavonic-cradle-song_maud-powell-neruda_gbia0482567a,Slavonic Cradle Song,1904-01-01T00:00:00Z,1904,Maud Powell,https://archive.org/details/78_slavonic-cradle-song_maud-powell-neruda_gbia0482567a
78_mr-black-man_arthur-pryors-band_gbia0479028a,Mr. Black Man,1904-01-01T00:00:00Z,1904,Arthur Pryor's Band,https://archive.org/details/78_mr-black-man_arthur-pryors-band_gbia0479028a
78_none-listed_robin-adair_gbia0299458a,None listed,1904-01-01T00:00:00Z,1904,ROBIN ADAIR,https://archive.org/details/78_none-listed_robin-adair_gbia0299458a
78_always-in-the-way_joseph-natus_gbia0537289a,Always in the Way,1904-01-01T00:00:00Z,1904,Joseph Natus,https://archive.org/details/78_always-in-the-way_joseph-natus_gbia0537289a
78_my-dixie-lou_collins_gbia0424774a,MY DIXIE LOU,1904-01-01T00:00:00Z,1904,COLLINS,https://archive.org/details/78_my-dixie-lou_collins_gbia0424774a
78_vesti-la-giubba_enrico-caruso-leoncavallo_gbia0077801b,Vesti La Giubba,1904-01-01T00:00:00Z,1904,Enrico Caruso,https://archive.org/details/78_vesti-la-giubba_enrico-caruso-leoncavallo_gbia0077801b
78_overture-to-william-tell-finale_gbia0276207a,OVERTURE TO WILLIAM TELL (Finale),1904-01-01T00:00:00Z,1904,,https://archive.org/details/78_overture-to-william-tell-finale_gbia0276207a
78_navajo_arthur-pryor_gbia0319104a,Navajo,1904-01-01T00:00:00Z,1904,Arthur Pryor,https://archive.org/details/78_navajo_arthur-pryor_gbia0319104a
78_im-wearing-my-heart-away-for-you_james-reed_gbia0313681a,I'm Wearing My Heart Away for You,1904-01-01T00:00:00Z,1904,James Reed,https://archive.org/details/78_im-wearing-my-heart-away-for-you_james-reed_gbia0313681a
78_little-doilie-driftwood_harlan_gbia0426427a,LITTLE DOILIE DRIFTWOOD,1904-01-01T00:00:00Z,1904,HARLAN,https://archive.org/details/78_little-doilie-driftwood_harlan_gbia0426427a
78_questa-o-quella-mid-the-fair-throng_enrico-caruso-verdi_gbia7036073b,Questa o quella ('Mid the Fair Throng),1904-01-01T00:00:00Z,1904,Enrico Caruso,https://archive.org/details/78_questa-o-quella-mid-the-fair-throng_enrico-caruso-verdi_gbia7036073b
78_reuben-haskins-sleighride-party_spencer-orch_gbia0424775a,REUBEN HASKIN'S SLEIGHRIDE PARTY,1904-01-01T00:00:00Z,1904,SPENCER & ORCH.,https://archive.org/details/78_reuben-haskins-sleighride-party_spencer-orch_gbia0424775a
78_rigolettola-donna-mobile-woman-is-fickle_enrico-caruso-verdi_gbia0478576a,Rigoletto–La donna è mobile (Woman is Fickle),1904-01-01T00:00:00Z,1904,Enrico Caruso,https://archive.org/details/78_rigolettola-donna-mobile-woman-is-fickle_enrico-caruso-verdi_gbia0478576a
78_toscae-lucevan-le-stelle-the-stars-were-shining_enrico-caruso-puccini_gbia0478587a,Tosca–E lucevan le stelle (The Stars Were Shining),1904-01-01T00:00:00Z,1904,Enrico Caruso,https://archive.org/details/78_toscae-lucevan-le-stelle-the-stars-were-shining_enrico-caruso-puccini_gbia0478587a
78_thats-what-the-brass-band-played_billy-murray_gbia0010414a,That's What the Brass Band Played,1904-01-01T00:00:00Z,1904,Billy Murray,https://archive.org/details/78_thats-what-the-brass-band-played_billy-murray_gbia0010414a
78_the-gondolier_hagers-orchestra_gbia0362640a,The Gondolier.,1904-01-01T00:00:00Z,1904,Hager's Orchestra.,https://archive.org/details/78_the-gondolier_hagers-orchestra_gbia0362640a
78_under-the-anheuser-bush_collins-harlan_gbia0424764a,UNDER THE ANHEUSER BUSH,1904-01-01T00:00:00Z,1904,COLLINS & HARLAN,https://archive.org/details/78_under-the-anheuser-bush_collins-harlan_gbia0424764a
78_when-the-trees-are-white-with-blossoms_gbia0018320a,When The Trees Are White With Blossoms,1904-01-01T00:00:00Z,1904,,https://archive.org/details/78_when-the-trees-are-white-with-blossoms_gbia0018320a
78_sobre-las-olas-waltz-over-the-waves-waltz_dance-orchestra-rosas_gbia0297572a,Sobre las Olas Waltz (Over the Waves Waltz),1904-01-01T00:00:00Z,1904,Dance Orchestra,https://archive.org/details/78_sobre-las-olas-waltz-over-the-waves-waltz_dance-orchestra-rosas_gbia0297572a
78_true-to-the-flag_regimental-band-of-the-republic_gbia0301503a,True to the Flag.,1904-01-01T00:00:00Z,1904,Regimental Band of the Republic.,https://archive.org/details/78_true-to-the-flag_regimental-band-of-the-republic_gbia0301503a
78_in-old-madrid_mr-arthur-gray_gbia3034493a,In Old Madrid,1904-01-01T00:00:00Z,1904,Mr. Arthur Gray,https://archive.org/details/78_in-old-madrid_mr-arthur-gray_gbia3034493a
78_none-listed_gbia0299459a,None listed,1904-01-01T00:00:00Z,1904,,https://archive.org/details/78_none-listed_gbia0299459a
78_aloha-oe-farewell-to-thee_royal-hawaiian-troubadours_gbia0301530a,ALOHA OE. (Farewell to Thee.),1904-01-01T00:00:00Z,1904,Royal Hawaiian Troubadours.,https://archive.org/details/78_aloha-oe-farewell-to-thee_royal-hawaiian-troubadours_gbia0301530a
78_damor-sullali-rosee_celestina-boninsegna-travatore-verdi_gbia0285516b,D'AMOR SULL'ALI ROSEE,1904-01-01T00:00:00Z,1904,CELESTINA BONINSEGNA,https://archive.org/details/78_damor-sullali-rosee_celestina-boninsegna-travatore-verdi_gbia0285516b
78_if-i-were-only-you_harry-tally_gbia0301203a,If I Were Only You,1904-01-01T00:00:00Z,1904,Harry Tally,https://archive.org/details/78_if-i-were-only-you_harry-tally_gbia0301203a
78_bye-bye-ma-honey_billy-golden_gbia0393677a,Bye Bye Ma Honey,1904-01-01T00:00:00Z,1904,Billy Golden,https://archive.org/details/78_bye-bye-ma-honey_billy-golden_gbia0393677a
78_im-just-barely-living-dats-all_gbia0306519a,I'm Just Barely Living Dat's All,1904-01-01T00:00:00Z,1904,,https://archive.org/details/78_im-just-barely-living-dats-all_gbia0306519a
78_love-of-the-nightingale_gbia0300571a,LOVE OF THE NIGHTINGALE.,1904-01-01T00:00:00Z,1904,,https://archive.org/details/78_love-of-the-nightingale_gbia0300571a
78_general-hard-tack_dan-w-quinn_gbia0319126a,General Hard Tack,1904-01-01T00:00:00Z,1904,Dan W. Quinn,https://archive.org/details/78_general-hard-tack_dan-w-quinn_gbia0319126a
78_blue-bird-polka_frank-mazziotta-bousqe_gbia0388480a,Blue Bird Polka,1904-01-01T00:00:00Z,1904,Frank Mazziotta,https://archive.org/details/78_blue-bird-polka_frank-mazziotta-bousqe_gbia0388480a
78_conciliator-march_arthur-pryors-band_gbia0388478a,Conciliator March,1904-01-01T00:00:00Z,1904,Arthur Pryor's Band,https://archive.org/details/78_conciliator-march_arthur-pryors-band_gbia0388478a
78_quartet-from-rigoletto_royal-marine-band-of-italy_gbia0298476a,Quartet from Rigoletto,1904-01-01T00:00:00Z,1904,Royal Marine Band of Italy,https://archive.org/details/78_quartet-from-rigoletto_royal-marine-band-of-italy_gbia0298476a
78_les-anges-plernent_nella-melba-1859-1931-bemberg-william-h-seltsam_gbia0187608b,Les Anges Plernent,1904-01-01T00:00:00Z,1904,NELLA MELBA (1859-1931),https://archive.org/details/78_les-anges-plernent_nella-melba-1859-1931-bemberg-william-h-seltsam_gbia0187608b
78_little-beauty-mazurka_gbia0302803a,LITTLE BEAUTY MAZURKA,1904-01-01T00:00:00Z,1904,,https://archive.org/details/78_little-beauty-mazurka_gbia0302803a
78_save-it-for-me_billy-murray_gbia0532726a,Save it For Me,1904-01-01T00:00:00Z,1904,Billy Murray,https://archive.org/details/78_save-it-for-me_billy-murray_gbia0532726a
78_general-hardtack-on-guard_murray_gbia0424776a,GENERAL HARDTACK ON GUARD,1904-01-01T00:00:00Z,1904,MURRAY,https://archive.org/details/78_general-hardtack-on-guard_murray_gbia0424776a
78_blue-bell_h-burr_gbia0424778a,BLUE BELL,1904-01-01T00:00:00Z,1904,H. BURR,https://archive.org/details/78_blue-bell_h-burr_gbia0424778a
78_la-czarina-mazurka_gbia0298908a,LA CZARINA MAZURKA,1904-01-01T00:00:00Z,1904,,https://archive.org/details/78_la-czarina-mazurka_gbia0298908a
78_my-little-canoe_gbia0307071a,MY LITTLE CANOE,1904-01-01T00:00:00Z,1904,,https://archive.org/details/78_my-little-canoe_gbia0307071a
78_keep-off-the-grass_regimental-band-of-the-republic_gbia0302809a,Keep off the Grass,1904-01-01T00:00:00Z,1904,Regimental Band of the Republic,https://archive.org/details/78_keep-off-the-grass_regimental-band-of-the-republic_gbia0302809a
78_uncle-sammy-march_dance-orchestra-holzman_gbia0419402a,Uncle Sammy March,1904-01-01T00:00:00Z,1904,Dance Orchestra,https://archive.org/details/78_uncle-sammy-march_dance-orchestra-holzman_gbia0419402a
78_scissors-to-grind_arthur-collins_gbia0479022a,Scissors to Grind,1904-01-01T00:00:00Z,1904,Arthur Collins,https://archive.org/details/78_scissors-to-grind_arthur-collins_gbia0479022a
78_old-folks-at-home-suwanee-river_haydn-quartet-foster_gbia0381444a,Old Folks at Home (Suwanee River),1904-01-01T00:00:00Z,1904,Haydn Quartet,https://archive.org/details/78_old-folks-at-home-suwanee-river_haydn-quartet-foster_gbia0381444a
78_reuben-haskins-ride-on-a-cyclone-auto_gbia0476675a,REUBEN HASKIN'S RIDE ON A CYCLONE AUTO,1904-01-01T00:00:00Z,1904,,https://archive.org/details/78_reuben-haskins-ride-on-a-cyclone-auto_gbia0476675a
78_rigolettoquesta-o-quella-mid-the-fair-throng_enrico-caruso-verdi_gbia0519670b,Rigoletto–Questa o quella ('Mid the Fair Throng),1904-01-01T00:00:00Z,1904,Enrico Caruso,https://archive.org/details/78_rigolettoquesta-o-quella-mid-the-fair-throng_enrico-caruso-verdi_gbia0519670b
78_1863-medley_zon-o-phone-concert-band_gbia0276961a,1863 Medley,1904-01-01T00:00:00Z,1904,Zon-o-phone Concert Band,https://archive.org/details/78_1863-medley_zon-o-phone-concert-band_gbia0276961a
78_war-songs_walter-b-rogers_gbia0377414a,War Songs,1904-01-01T00:00:00Z,1904,Walter B. Rogers,https://archive.org/details/78_war-songs_walter-b-rogers_gbia0377414a
78_du-dulich-mir-imherzen_favor_gbia0424773a,DU DULICH MIR IMHERZEN,1904-01-01T00:00:00Z,1904,FAVOR,https://archive.org/details/78_du-dulich-mir-imherzen_favor_gbia0424773a
78_rigolettola-donna-mobile-woman-is-fickle_enrico-caruso-verdi_gbia0519670a,Rigoletto–La donna è mobile (Woman is Fickle),1904-01-01T00:00:00Z,1904,Enrico Caruso,https://archive.org/details/78_rigolettola-donna-mobile-woman-is-fickle_enrico-caruso-verdi_gbia0519670a
78_where-is-my-boy-to-night_haydn-quartet_gbia0437696a,Where is My Boy To-Night,1904-01-01T00:00:00Z,1904,Haydn Quartet,https://archive.org/details/78_where-is-my-boy-to-night_haydn-quartet_gbia0437696a
78_always-in-the-way_h-tally_gbia0424777a,ALWAYS IN THE WAY,1904-01-01T00:00:00Z,1904,H. TALLY,https://archive.org/details/78_always-in-the-way_h-tally_gbia0424777a
78_ise-gwine-back-to-dixie_standard-quartette_gbia0381671a,I'SE GWINE BACK TO DIXIE,1904-01-01T00:00:00Z,1904,Standard Quartette,https://archive.org/details/78_ise-gwine-back-to-dixie_standard-quartette_gbia0381671a
78_sylvia-scherzo_frank-mazziotta_gbia0299874a,Sylvia Scherzo,1904-01-01T00:00:00Z,1904,Frank Mazziotta,https://archive.org/details/78_sylvia-scherzo_frank-mazziotta_gbia0299874a
78_white-raven_gbia0299462a,WHITE RAVEN,1904-01-01T00:00:00Z,1904,,https://archive.org/details/78_white-raven_gbia0299462a
78_elisir-damore-una-furtiva-lagrima-down-her-cheek-a-pearly-tear_enrico-caruso-d_gbia0283866a,Elisir d'amore - Una furtiva lagrima (Down Her Cheek a Pearly Tear),1904-01-01T00:00:00Z,1904,Enrico Caruso,https://archive.org/details/78_elisir-damore-una-furtiva-lagrima-down-her-cheek-a-pearly-tear_enrico-caruso-d_gbia0283866a
78_marche-des-mousquetaires_the-national-band-of-france_gbia0273013a,Marche des Mousquetaires,1904-01-01T00:00:00Z,1904,The National Band of France,https://archive.org/details/78_marche-des-mousquetaires_the-national-band-of-france_gbia0273013a
78_sweetest-girl-in-dixie_harlan_gbia0425171a,SWEETEST GIRL IN DIXIE,1904-01-01T00:00:00Z,1904,HARLAN,https://archive.org/details/78_sweetest-girl-in-dixie_harlan_gbia0425171a
78_blue-danube-waltz_gbia0300616a,BLUE DANUBE WALTZ,1904-01-01T00:00:00Z,1904,,https://archive.org/details/78_blue-danube-waltz_gbia0300616a
78_azampa-overture_gbia0299463a,AZAMPA OVERTURE,1904-01-01T00:00:00Z,1904,,https://archive.org/details/78_azampa-overture_gbia0299463a
78_nazareth_f-c-stanley_gbia0068960a,Nazareth,1904-01-01T00:00:00Z,1904,F. C. Stanley,https://archive.org/details/78_nazareth_f-c-stanley_gbia0068960a
78_light-cavalry-overture_gbia0424756a,LIGHT CAVALRY OVERTURE,1904-01-01T00:00:00Z,1904,,https://archive.org/details/78_light-cavalry-overture_gbia0424756a
78_our-national-airs_leonard-g-spencer-pryors-orchestra_gbia0341188a,Our National Airs,1904-01-01T00:00:00Z,1904,Leonard G. Spencer & Pryor's Orchestra,https://archive.org/details/78_our-national-airs_leonard-g-spencer-pryors-orchestra_gbia0341188a
78_pansy-faces_harry-macdonough_gbia0328162a,Pansy Faces,1904-01-01T00:00:00Z,1904,Harry Macdonough,https://archive.org/details/78_pansy-faces_harry-macdonough_gbia0328162a
78_ye-boston-tea-party-march_arthur-pryors-band_gbia0080884a,Ye Boston Tea Party March,1904-01-01T00:00:00Z,1904,Arthur Pryor's Band,https://archive.org/details/78_ye-boston-tea-party-march_arthur-pryors-band_gbia0080884a
78_teasing_h-tally_gbia0299461a,TEASING,1904-01-01T00:00:00Z,1904,H. TALLY,https://archive.org/details/78_teasing_h-tally_gbia0299461a
78_roma_gbia0298883a,ROMA,1904-01-01T00:00:00Z,1904,,https://archive.org/details/78_roma_gbia0298883a
78_schottische-from-yankee-consul_dance-orchestra_gbia0044837a,Schottische,1904-01-01T00:00:00Z,1904,Dance Orchestra,https://archive.org/details/78_schottische-from-yankee-consul_dance-orchestra_gbia0044837a
78_beautys-eyes_mr-arthur-gray_gbia3034493b,Beauty's Eyes,1904-01-01T00:00:00Z,1904,Mr. Arthur Gray,https://archive.org/details/78_beautys-eyes_mr-arthur-gray_gbia3034493b
78_prince-of-pilsen_gbia0299460a,PRINCE OF PILSEN,1904-01-01T00:00:00Z,1904,,https://archive.org/details/78_prince-of-pilsen_gbia0299460a
78_una-furtiva-lagrima-down-her-pale-cheek_enrico-caruso-romani-donizetti_gbia0077703a,Una Furtiva Lagrima (Down her pale cheek),1904-01-01T00:00:00Z,1904,Enrico Caruso,https://archive.org/details/78_una-furtiva-lagrima-down-her-pale-cheek_enrico-caruso-romani-donizetti_gbia0077703a
78_stephanie-gavotte_gbia0300569a,STEPHANIE GAVOTTE.,1904-01-01T00:00:00Z,1904,,https://archive.org/details/78_stephanie-gavotte_gbia0300569a
78_manon-il-sogno-the-dream_enrico-caruso-massenet_gbia0153074a,Manon-Il sogno (The Dream),1904-01-01T00:00:00Z,1904,Enrico Caruso,https://archive.org/details/78_manon-il-sogno-the-dream_enrico-caruso-massenet_gbia0153074a
78_peggy-from-paris_gbia0300567a,PEGGY FROM PARIS.,1904-01-01T00:00:00Z,1904,,https://archive.org/details/78_peggy-from-paris_gbia0300567a
78_la-donna-mobile-woman-is-fickle_enrico-caruso-verdi_gbia7036073a,La donna è mobile (Woman is Fickle),1904-01-01T00:00:00Z,1904,Enrico Caruso,https://archive.org/details/78_la-donna-mobile-woman-is-fickle_enrico-caruso-verdi_gbia7036073a
