t,x,y
0,0,0
0.016666666666666666,0.000988,0
0.03333333333333333,0.015802,0
0.05,0.08,0
0.06666666666666667,0.25284,0
0.08333333333333333,0.617283,0
0.1,1.28,0
0.11666666666666667,2.371361,0
0.13333333333333333,4.045428,0
0.15,6.48,0
0.16666666666666666,9.876551,0
0.18333333333333332,14.460236,0
0.2,20.48,0
0.21666666666666667,28.208412,0
0.23333333333333334,37.941707,0
0.25,50,0
0.26666666666666666,62.058293,0
0.2833333333333333,71.791588,0
0.3,79.52,0
0.31666666666666665,85.539764,0
0.3333333333333333,90.123449,0
0.35,93.52,0
0.36666666666666664,95.954572,0
0.38333333333333336,97.628639,0
0.4,98.72,0
0.4166666666666667,99.382717,0
0.43333333333333335,99.74716,0
0.45,99.92,0
0.4666666666666667,99.984198,0
0.48333333333333334,99.999012,0
0.5,100,0
0.5166666666666667,100,4.835195
0.5333333333333333,100,9.348139
0.55,100,13.55
0.5666666666666667,100,17.451859
0.5833333333333334,100,21.064808
0.6,100,24.4
0.6166666666666667,100,27.468524
0.6333333333333333,100,30.281476
0.65,100,32.85
0.6666666666666666,100,35.18519
0.6833333333333333,100,37.298144
0.7,100,39.2
0.7166666666666667,100,40.901855
0.7333333333333333,100,42.414812
0.75,100,43.75
0.7666666666666667,100,44.918521
0.7833333333333333,100,45.93148
0.8,100,46.8
0.8166666666666667,100,47.535187
0.8333333333333334,100,48.148147
0.85,100,48.65
0.8666666666666667,100,49.051853
0.8833333333333333,100,49.364814
0.9,100,49.6
0.9166666666666666,100,49.768519
0.9333333333333333,100,49.881481
0.95,100,49.95
0.9666666666666667,100,49.985185
0.9833333333333333,100,49.998148
1,100,50
